Antwort ID;Datum Abgeschickt;Letzte Seite;Start-Sprache;Zufallsgeneratorstartwert;Datum gestartet;Datum letzte Aktivität;"Um Ihre Daten anonymisieren zu können und gleichzeitig die EEG Daten zuordnen zu können, möchten wir Sie bitten, einen Versuchspersonen-Code nach den folgenden Vorgaben zu erstellen:    	 	1. Zweiter Buchstabe des Vornamens der Mutter (z.B.: Birgit = I)  	 	 	2. Die ersten beiden Buchstaben des Geburtsorts (z.B.: Bern = BE) (sollten diese Buchstaben einen Umlaut haben, verwenden Sie bitte die Schreibweise ohne Umlaut z.B. Zürich =Zu) 	 	 	3. Geburtstag des Vaters (z.B.: 14.02. = 14)  	 	 	4. Monat des eigenen Geburtstags (z.B.: Juni = 06) 	   In diesem Beispiel würde der Code folgendermaßen aussehen = IBE1406). Bitte nehmen sie den gleichen Code wie den bereits erstellten Code auf dem bereitliegenden Papier! ";Welchem Geschlecht fühlen Sie sich zugehörig? ;Wie alt sind Sie?;Welcher ist Ihr höchster Bildungsabschluss? ;Zu welchem Prozentsatz sind Sie in Ihrem aktuellen Beschäftigungsverhältnis angestellt?;Bitte geben Sie an, inwiefern die folgenden Aussagen zur Nutzung von künstlicher Intelligenz (KI), wie zum Beispiel ChatGPT, auf Sie zutreffen.  [Ich kann KI-Anwendungen im täglichen Leben einsetzen.];Bitte geben Sie an, inwiefern die folgenden Aussagen zur Nutzung von künstlicher Intelligenz (KI), wie zum Beispiel ChatGPT, auf Sie zutreffen.  [Ich kann KI-Anwendungen nutzen, um meinen Alltag zu erleichtern.];Bitte geben Sie an, inwiefern die folgenden Aussagen zur Nutzung von künstlicher Intelligenz (KI), wie zum Beispiel ChatGPT, auf Sie zutreffen.  [Ich kann KI sinnvoll einsetzen, um meine Alltagsziele zu erreichen.];Bitte geben Sie an, inwiefern die folgenden Aussagen zur Nutzung von künstlicher Intelligenz (KI), wie zum Beispiel ChatGPT, auf Sie zutreffen.  [Ich kann im Alltag mit KI so interagieren, dass meine Aufgaben erleichtert werden.];Bitte geben Sie an, inwiefern die folgenden Aussagen zur Nutzung von künstlicher Intelligenz (KI), wie zum Beispiel ChatGPT, auf Sie zutreffen.  [Ich kann im Alltag gewinnbringend mit KI zusammenarbeiten.];Bitte geben Sie an, inwiefern die folgenden Aussagen zur Nutzung von künstlicher Intelligenz (KI), wie zum Beispiel ChatGPT, auf Sie zutreffen.  [Ich kann im Alltag gewinnbringend mit KI kommunizieren.];"Bitte geben Sie an, inwiefern die folgenden Aussagen zur Nutzung von künstlicher Intelligenz (KI), wie zum Beispiel ChatGPT, auf Sie zutreffen.  [Ich kenne die wichtigsten Begriffe zum Thema ""KI"".]";Bitte geben Sie an, inwiefern die folgenden Aussagen zur Nutzung von künstlicher Intelligenz (KI), wie zum Beispiel ChatGPT, auf Sie zutreffen.  [Ich kenne Definitionen von KI.];Bitte geben Sie an, inwiefern die folgenden Aussagen zur Nutzung von künstlicher Intelligenz (KI), wie zum Beispiel ChatGPT, auf Sie zutreffen.  [Ich kann die Grenzen und Möglichkeiten des Einsatzes von KI einschätzen.];Bitte geben Sie an, inwiefern die folgenden Aussagen zur Nutzung von künstlicher Intelligenz (KI), wie zum Beispiel ChatGPT, auf Sie zutreffen.  [Ich kann die Vor- und Nachteile des Einsatzes von KI einschätzen.];Bitte geben Sie an, inwiefern die folgenden Aussagen zur Nutzung von künstlicher Intelligenz (KI), wie zum Beispiel ChatGPT, auf Sie zutreffen.  [Ich kann mir neue Einsatzmöglichkeiten für KI vorstellen.];Bitte geben Sie an, inwiefern die folgenden Aussagen zur Nutzung von künstlicher Intelligenz (KI), wie zum Beispiel ChatGPT, auf Sie zutreffen.  [Ich kann mir mögliche zukünftige Anwendungen von KI vorstellen.];Bitte geben Sie an, inwiefern die folgenden Aussagen zur Nutzung von künstlicher Intelligenz (KI), wie zum Beispiel ChatGPT, auf Sie zutreffen.  [Ich kann erkennen, ob ich es mit einer Anwendung zu tun habe, die auf KI basiert.];Bitte geben Sie an, inwiefern die folgenden Aussagen zur Nutzung von künstlicher Intelligenz (KI), wie zum Beispiel ChatGPT, auf Sie zutreffen.  [Ich kann Geräte, die KI verwenden, von solchen unterscheiden, die dies nicht tun.];"Bitte geben Sie an, inwiefern die folgenden Aussagen zur Nutzung von künstlicher Intelligenz (KI), wie zum Beispiel ChatGPT, auf Sie zutreffen.  [Ich kann unterscheiden, ob ich mit einer KI oder einem ""echten Menschen"" interagiere.]";Bitte geben Sie an, inwiefern die folgenden Aussagen zur Nutzung von künstlicher Intelligenz (KI), wie zum Beispiel ChatGPT, auf Sie zutreffen.  [Ich kann die Folgen des Einsatzes von KI für die Gesellschaft abwägen.];Bitte geben Sie an, inwiefern die folgenden Aussagen zur Nutzung von künstlicher Intelligenz (KI), wie zum Beispiel ChatGPT, auf Sie zutreffen.  [Ich kann KI-basierte Anwendungen auf ihre ethischen Implikationen hin analysieren.];Bitte geben Sie an, inwiefern die folgenden Aussagen auf Sie persönlich zutreffen.  [Bei Routinetransaktionen würde ich lieber mit einem KI System interagieren als mit einem Menschen.];Bitte geben Sie an, inwiefern die folgenden Aussagen auf Sie persönlich zutreffen.  [Ein KI Agent wäre bei vielen Routineaufgaben besser als ein/e Angestellte/r.];Bitte geben Sie an, inwiefern die folgenden Aussagen auf Sie persönlich zutreffen.  [Ich bin daran interessiert, KI Systeme in meinem täglichen Leben einzusetzen.];Bitte geben Sie an, inwiefern die folgenden Aussagen auf Sie persönlich zutreffen.  [Ich denke, dass künstlich intelligente Systeme viele Fehler machen.];Bitte geben Sie an, inwiefern die folgenden Aussagen auf Sie persönlich zutreffen.  [Ich schaudere vor Unbehagen, wenn ich an künftige Anwendungen von künstlicher Intelligenz denke.];Bitte geben Sie an, inwiefern die folgenden Aussagen auf Sie persönlich zutreffen.  [Organisationen nutzen künstliche Intelligenz auf unethische Weise.];Bitte geben Sie an, inwiefern die folgenden Aussagen auf Sie persönlich zutreffen. [Ich mag blaue Kleidung];Bitte geben Sie an, inwiefern die folgenden Aussagen auf Sie persönlich zutreffen. [Ich mag die Farbe Blau];Bitte geben Sie an, inwiefern die folgenden Aussagen auf Sie persönlich zutreffen. [Im Vergleich zu anderen Farben bevorzuge ich die Farbe Blau];Bitte geben Sie an, inwiefern die folgenden Aussagen auf Sie persönlich zutreffen. [Ich bin eher zurückhaltend, reserviert.];Bitte geben Sie an, inwiefern die folgenden Aussagen auf Sie persönlich zutreffen. [Ich bin begeisterungsfähig und kann andere leicht mitreißen.];Bitte geben Sie an, inwiefern die folgenden Aussagen auf Sie persönlich zutreffen. [Ich bin eher der „stille Typ“, wortkarg.];Bitte geben Sie an, inwiefern die folgenden Aussagen auf Sie persönlich zutreffen. [Ich gehe aus mir heraus, bin gesellig.];Bitte geben Sie an, inwiefern die folgenden Aussagen auf Sie persönlich zutreffen. [Ich neige dazu, andere zu kritisieren.];Bitte geben Sie an, inwiefern die folgenden Aussagen auf Sie persönlich zutreffen. [Ich schenke anderen leicht Vertrauen, glaube an das Gute im Menschen.];Bitte geben Sie an, inwiefern die folgenden Aussagen auf Sie persönlich zutreffen. [Ich kann mich kalt und distanziert verhalten.];Bitte geben Sie an, inwiefern die folgenden Aussagen auf Sie persönlich zutreffen. [Ich kann mich schroff und abweisend anderen gegenüber verhalten.];Bitte geben Sie an, inwiefern die folgenden Aussagen auf Sie persönlich zutreffen. [Ich erledige Aufgaben gründlich.];Bitte geben Sie an, inwiefern die folgenden Aussagen auf Sie persönlich zutreffen. [Ich bin bequem, neige zur Faulheit.];Bitte geben Sie an, inwiefern die folgenden Aussagen auf Sie persönlich zutreffen. [Ich bin tüchtig und arbeite schnell.];Bitte geben Sie an, inwiefern die folgenden Aussagen auf Sie persönlich zutreffen. [Ich mache Pläne und führe sie auch durch.];Bitte geben Sie an, inwiefern die folgenden Aussagen auf Sie persönlich zutreffen. [Ich werde leicht deprimiert, niedergeschlagen.];Bitte geben Sie an, inwiefern die folgenden Aussagen auf Sie persönlich zutreffen. [Ich bin entspannt, lasse mich durch Stress nicht aus der Ruhe bringen.];Bitte geben Sie an, inwiefern die folgenden Aussagen auf Sie persönlich zutreffen. [Ich mache mir viele Sorgen.];Bitte geben Sie an, inwiefern die folgenden Aussagen auf Sie persönlich zutreffen. [Ich werde leicht nervös und unsicher.];Bitte geben Sie an, inwiefern die folgenden Aussagen auf Sie persönlich zutreffen. [Ich bin vielseitig interessiert.];Bitte geben Sie an, inwiefern die folgenden Aussagen auf Sie persönlich zutreffen. [Ich bin tiefsinnig, denke gerne über Sachen nach.];Bitte geben Sie an, inwiefern die folgenden Aussagen auf Sie persönlich zutreffen. [Ich habe eine aktive Vorstellungskraft, bin phantasievoll.];Bitte geben Sie an, inwiefern die folgenden Aussagen auf Sie persönlich zutreffen. [Ich schätze künstlerische und ästhetische Eindrücke.];Bitte geben Sie an, inwiefern die folgenden Aussagen auf Sie persönlich zutreffen. [Ich habe nur wenig künstlerisches Interesse.];"Als nächstes werden Sie zu unserer Plattform weitergeleitet. Sie werden insgesamt zwei Aufgaben dort lösen.  Über den Ablauf dieser Studie (bitte sorgfältig lesen):  Wenn Sie auf ""Weiter"" klicken, erhalten Sie den Link zur Plattform. Klicken Sie auf den Link und es wird sich nun ein Pop Up Fenster öffnen.  Das Browser-Fenster der Umfrage sollte die ganze Zeit geöffnet bleiben.   Sie können dann den Anweisungen auf der Plattform folgen. Nach der ersten Aufgabe werden Sie zurück zur Umfrage wechseln, um hier einige Fragen zu beantworten. Danach können Sie zurück zum Browserfenster mit der Plattform navigieren und bekommen dort eine zweite Aufgabe. Sobald diese fertig ist, navigieren Sie zurück zur Umfrage und beantworten erneut einige Fragen.   Für das Experiment ist es sehr wichtig, dass Sie das Browserfenster mit der Umfrage und das Browser-Fenster mit der Plattform ständig geöffnet halten. Die Plattform kann erkennen, wenn Sie in andere Tabs wechseln bzw. Tabs schliessen und wird Sie automatisch aus der Studie entfernen.  Haben Sie den weiteren Ablauf der Studie gelesen und verstanden? ";Sie dürfen nun die Website mit der Plattform besuchen. Klicken Sie dazu auf den folgenden Link und es wird sich ein neues Browserfenster öffnen.   https://experimental-design-a57774315eef.herokuapp.com/ ;Ich habe Aufgabe 1 auf der Plattform gelöst;Bitte geben Sie an, inwiefern die folgenden Aussagen auf die vorherige Aufgabe zugetroffen haben. [Die Aufgabe hat mich dabei unterstützt, meine Fähigkeiten zu entwickeln.];Bitte geben Sie an, inwiefern die folgenden Aussagen auf die vorherige Aufgabe zugetroffen haben. [Die Aufgabe hat mich dabei unterstützt, mich beruflich weiterzuentwickeln.];Bitte geben Sie an, inwiefern die folgenden Aussagen auf die vorherige Aufgabe zugetroffen haben. [Ich konnte neue Dinge lernen.];Bitte geben Sie an, inwiefern die folgenden Aussagen auf die vorherige Aufgabe zugetroffen haben. [Ich konnte meine Fähigkeiten voll ausschöpfen.];Bitte geben Sie an, inwiefern die folgenden Aussagen auf die vorherige Aufgabe zugetroffen haben. [Ich konnte selbst entscheiden, wie ich die Aufgabe erledige.];Bitte geben Sie an, inwiefern die folgenden Aussagen auf die vorherige Aufgabe zugetroffen haben. [Ich konnte dafür sorgen, dass die Aufgabe geistig weniger anstrengend ist.];Bitte geben Sie an, inwiefern die folgenden Aussagen auf die vorherige Aufgabe zugetroffen haben. [Ich konnte dafür sorgen, dass die Aufgabe emotional weniger intensiv ist.];Bitte geben Sie an, inwiefern die folgenden Aussagen auf die vorherige Aufgabe zugetroffen haben. [Ich konnte die Aufgabe so organisieren, dass ich mich nicht über einen zu langen Zeitraum am Stück konzentrieren muss.];Bitte geben Sie an, inwiefern die folgenden Aussagen auf die vorherige Aufgabe zugetroffen haben. [Ich würde zusätzliche Aufgaben übernehmen, auch wenn ich dafür kein zusätzliches Gehalt erhalte.];Bitte geben Sie an, inwiefern die folgenden Aussagen auf die vorherige Aufgabe zugetroffen haben. [Ich habe versucht, die Aufgabe anspruchsvoller zu gestalten, indem ich die zugrunde liegenden Beziehungen zwischen den einzelnen Aspekten einbezogen habe.];Bitte schätzen Sie Ihren wahrgenommenen Eigenanteil an dieser Aufgabe in einer Prozentzahl zwischen 1% und 100% ein. ;Bitte geben Sie an, inwiefern die folgenden Aussagen auf die vorherige Aufgabe zugetroffen haben.  [Ich habe Dinge getan, die mich interessieren];Bitte geben Sie an, inwiefern die folgenden Aussagen auf die vorherige Aufgabe zugetroffen haben.  [Ich hatte das Gefühl, dass ich auch schwierige Aufgaben sehr gut bewältigen konnte];Bitte geben Sie an, inwiefern die folgenden Aussage auf die vorherige Aufgabe zutrifft [Wie würden Sie Ihre Gesamtproduktivität bei der vorherigen Aufgabe bewerten?];Bitte geben Sie an, inwiefern die folgenden Aussage auf die vorherige Aufgabe zutrifft [Wie würden sie die Schwierigkeit der Aufgabe bewerten?];Bitte wechseln Sie nun zurück zu dem Tab mit der Platform und lösen Sie die zweite Aufgabe. Sie haben 12 Minuten Zeit hierfür.  ;Bitte geben Sie an, inwiefern die folgenden Aussagen auf Ihre Arbeit mit ChatGPT in der vorherigen Aufgabe zutreffen. [Die Nutzung von ChatGPT hat mir dabei geholfen, meine Fähigkeiten zu entwickeln.];Bitte geben Sie an, inwiefern die folgenden Aussagen auf Ihre Arbeit mit ChatGPT in der vorherigen Aufgabe zutreffen. [Die Nutzung von ChatGPT hat mir dabei geholfen, mich beruflich weiterzuentwickeln.];Bitte geben Sie an, inwiefern die folgenden Aussagen auf Ihre Arbeit mit ChatGPT in der vorherigen Aufgabe zutreffen. [Die Nutzung von ChatGPT hat mir dabei geholfen, bei der Aufgabenlösung neue Dinge zu lernen.];Bitte geben Sie an, inwiefern die folgenden Aussagen auf Ihre Arbeit mit ChatGPT in der vorherigen Aufgabe zutreffen. [Die Nutzung von ChatGPT hat dafür gesorgt, dass ich meine Fähigkeiten voll ausschöpfen konnte.];Bitte geben Sie an, inwiefern die folgenden Aussagen auf Ihre Arbeit mit ChatGPT in der vorherigen Aufgabe zutreffen. [Ich konnte selbst entscheiden, wie ich Dinge tue.];Bitte geben Sie an, inwiefern die folgenden Aussagen auf Ihre Arbeit mit ChatGPT in der vorherigen Aufgabe zutreffen. [Die Nutzung von ChatGPT hat dafür gesorgt, dass die Aufgabe geistig weniger anstrengend ist.];Bitte geben Sie an, inwiefern die folgenden Aussagen auf Ihre Arbeit mit ChatGPT in der vorherigen Aufgabe zutreffen. [Die Nutzung von ChatGPT hat mir dabei geholfen, dass die Aufgabe emotional weniger intensiv ist.];Bitte geben Sie an, inwiefern die folgenden Aussagen auf Ihre Arbeit mit ChatGPT in der vorherigen Aufgabe zutreffen. [Die Nutzung von ChatGPT hat mir dabei geholfen, dass ich bei der Aufgabe nicht viele schwierige Entscheidungen treffen musste.];Bitte geben Sie an, inwiefern die folgenden Aussagen auf Ihre Arbeit mit ChatGPT in der vorherigen Aufgabe zutreffen. [Die Nutzung von ChatGPT hat mir dabei geholfen die Aufgabe so zu organisieren, dass ich mich nicht über einen zu langen Zeitraum am Stück konzentrieren muss.];"Bitte geben Sie an, inwiefern die folgenden Aussagen auf Ihre Arbeit mit ChatGPT in der vorherigen Aufgabe zutreffen. [Bitte wähle Option ""trifft teilweise zu"" aus ]";Bitte schätzen Sie Ihren wahrgenommenen Eigenanteil an dieser Aufgabe in einer Prozentzahl zwischen 1% und 100% ein. ;Bitte geben Sie an, inwiefern die folgenden Aussagen auf die vorherige Aufgabe zugetroffen haben.  [Ich habe Dinge getan, die mich interessieren];Bitte geben Sie an, inwiefern die folgenden Aussagen auf die vorherige Aufgabe zugetroffen haben.  [Ich hatte das Gefühl, dass ich auch schwierige Aufgaben sehr gut bewältigen  konnte];Bitte geben Sie an, inwiefern die folgende Aussage auf die vorherige Aufgabe zutrifft.  [Wie würden Sie Ihre Gesamtproduktivität bei der vorherigen Aufgabe bewerten?];Bitte geben Sie an, inwiefern die folgende Aussage auf die vorherige Aufgabe zutrifft. [Wie würden Sie die Schwierigkeit der Aufgabe bewerten?];Bitte beschreiben Sie 2 - 3 Sätzen, was Sie in der zweiten Aufgabe tun mussten und welche Hilfsmittel Ihnen zur Verfügung standen. ;Gesamtzeit;Gruppenzeit: Demografie;Fragenzeit: VPNCode;Fragenzeit: Gender;Fragenzeit: AGE;Fragenzeit: Edu;Fragenzeit: WORK;Fragenzeit: AILiteracy;Fragenzeit: PGAT;Fragenzeit: NGAT;Fragenzeit: CMV;Gruppenzeit: Persönlichkeitsmerkmale;Fragenzeit: NEO;Gruppenzeit: Task1;Fragenzeit: ERK;Fragenzeit: LinktoTool;Fragenzeit: TEST;Gruppenzeit: Fragen zu Aufgabe 1;Fragenzeit: JC;Fragenzeit: SE1;Fragenzeit: SDT1;Fragenzeit: PROD1;Fragenzeit: TASKDIF1;Gruppenzeit: Task2;Fragenzeit: E2;Gruppenzeit: Fragen zu Aufgabe 2;Fragenzeit: JC2;Fragenzeit: SE2;Fragenzeit: SDT2;Fragenzeit: PROD2;Fragenzeit: TASKDIF2;Fragenzeit: MANI
2;28.02.2024 10:43;6;de;489428441;28.02.2024 10:08;28.02.2024 10:43;ABO2606;Männlich;22;Bachelor;25%;Teils, teils;Trifft teilweise zu;Teils, teils;Teils, teils;Teils, teils;Teils, teils;Trifft teilweise zu;Teils, teils;Teils, teils;Trifft teilweise zu;Teils, teils;Teils, teils;Trifft teilweise zu;Trifft teilweise zu;Trifft teilweise zu;Teils, teils;Trifft eher nicht zu;Teils, teils;Trifft voll zu;Trifft teilweise zu;Trifft eher nicht zu;Trifft teilweise zu;Trifft eher nicht zu;Trifft teilweise zu;Trifft voll zu;Trifft voll zu;Teils, teils;Teils, teils;Trifft eher nicht zu;Teils, teils;Trifft eher nicht zu;Trifft teilweise zu;Teils, teils;Teils, teils;Trifft voll zu;Trifft eher nicht zu;Trifft teilweise zu;Trifft teilweise zu;Trifft eher nicht zu;Trifft teilweise zu;Trifft eher nicht zu;Trifft eher nicht zu;Trifft voll zu;Teils, teils;Teils, teils;Trifft eher nicht zu;Trifft voll zu;Ja;;Ja;Trifft eher nicht zu;Trifft eher nicht zu;Trifft eher nicht zu;Teils, teils;Trifft voll zu;Trifft eher nicht zu;Trifft eher nicht zu;Teils, teils;Trifft eher nicht zu;Trifft teilweise zu;100;Trifft eher nicht zu;Teils, teils;Eher zufriedenstellend;Eher schwierig;;Teils, teils;Trifft eher nicht zu;Trifft teilweise zu;Trifft eher nicht zu;Teils, teils;Trifft voll zu;Teils, teils;Trifft teilweise zu;Trifft teilweise zu;Trifft teilweise zu;20;Teils, teils;Trifft voll zu;Teils, teils;Eher leicht;"In der zweiten Aufgabe musste ich ein Konzept für eine eintägige Veranstaltung zum Thema ""Digitale Transformation"" für Führungskräfte erstellen. Hierbei konnte ich ChatGPT als Hilfsmittel nutzen, um mir Vorschläge für Themen, Events, und einen möglichen Zeitplan geben zu lassen. ";2102.32;548.05;;;;;;;;;;63.38;;718.85;;;;77.45;;;;;;4.01;;690.58;;;;;;
3;28.02.2024 13:05;6;de;193910323;28.02.2024 12:42;28.02.2024 13:05;APE2704;Männlich;20;Abitur oder Fachabitur;15;Trifft voll zu;Trifft voll zu;Trifft voll zu;Trifft voll zu;Trifft voll zu;Trifft voll zu;Trifft voll zu;Trifft voll zu;Trifft teilweise zu;Trifft voll zu;Trifft voll zu;Trifft voll zu;Teils, teils;Teils, teils;Trifft teilweise zu;Trifft teilweise zu;Teils, teils;Teils, teils;Trifft teilweise zu;Trifft voll zu;Trifft teilweise zu;Trifft eher nicht zu;Trifft teilweise zu;Trifft eher nicht zu;Teils, teils;Trifft gar nicht zu;Trifft gar nicht zu;Teils, teils;Trifft gar nicht zu;Trifft teilweise zu;Teils, teils;Trifft eher nicht zu;Trifft teilweise zu;Trifft teilweise zu;Trifft teilweise zu;Trifft eher nicht zu;Trifft voll zu;Trifft voll zu;Trifft gar nicht zu;Trifft voll zu;Trifft gar nicht zu;Trifft eher nicht zu;Trifft voll zu;Teils, teils;Trifft teilweise zu;Teils, teils;Teils, teils;Ja;;Ja;Trifft eher nicht zu;Trifft eher nicht zu;Trifft teilweise zu;Trifft eher nicht zu;Trifft voll zu;Teils, teils;Trifft eher nicht zu;Trifft eher nicht zu;Teils, teils;Teils, teils;100;Teils, teils;Trifft teilweise zu;Teils, teils;Eher leicht;;Trifft voll zu;Trifft teilweise zu;Trifft voll zu;Trifft teilweise zu;Trifft voll zu;Trifft voll zu;Trifft teilweise zu;Trifft voll zu;Trifft eher nicht zu;Trifft teilweise zu;5;Teils, teils;Trifft voll zu;Eher zufriedenstellend;Eher leicht;Ich musste einen Plan für eine einwöchige Veranstaltung in einem Unternehmen zum Thema nachhaltige Vision und nachhaltige Ziele entwickeln. Als Hilfsmittel habe ich Chatgpt Support verwendet.;1390.16;151.85;;;;;;;;;;75.46;;382.35;;;;86.59;;;;;;10.81;;683.1;;;;;;
4;28.02.2024 14:12;6;de;29352144;28.02.2024 13:38;28.02.2024 14:12;SSG0102;Männlich;20;Abitur oder Fachabitur;20%;Trifft voll zu;Trifft teilweise zu;Trifft teilweise zu;Trifft teilweise zu;Trifft teilweise zu;Trifft eher nicht zu;Trifft voll zu;Trifft eher nicht zu;Trifft teilweise zu;Trifft voll zu;Trifft voll zu;Trifft voll zu;Trifft teilweise zu;Trifft eher nicht zu;Trifft teilweise zu;Trifft eher nicht zu;Trifft eher nicht zu;Trifft teilweise zu;Trifft teilweise zu;Trifft eher nicht zu;Teils, teils;Trifft gar nicht zu;Teils, teils;Trifft teilweise zu;Trifft teilweise zu;Teils, teils;Trifft eher nicht zu;Trifft voll zu;Teils, teils;Trifft voll zu;Trifft teilweise zu;Trifft eher nicht zu;Trifft teilweise zu;Trifft teilweise zu;Trifft teilweise zu;Trifft teilweise zu;Trifft teilweise zu;Trifft eher nicht zu;Trifft gar nicht zu;Trifft teilweise zu;Trifft eher nicht zu;Trifft eher nicht zu;Trifft voll zu;Trifft teilweise zu;Trifft voll zu;Trifft voll zu;Trifft gar nicht zu;Ja;;Ja;Trifft teilweise zu;Trifft teilweise zu;Trifft teilweise zu;Trifft eher nicht zu;Trifft voll zu;Teils, teils;Trifft voll zu;Teils, teils;Teils, teils;Trifft teilweise zu;70;Trifft voll zu;Trifft eher nicht zu;Eher nicht zufriedenstellend;Teils, teils;;Trifft voll zu;Trifft voll zu;Trifft voll zu;Trifft voll zu;Trifft voll zu;Trifft teilweise zu;Trifft gar nicht zu;Trifft eher nicht zu;Trifft teilweise zu;Trifft teilweise zu;80;Trifft teilweise zu;Trifft teilweise zu;Eher zufriedenstellend;Teils, teils;Ich musste einen Abend organisieren für eine ein-wöchige Kommunikations Camp welches den Fokus auf Nachhaltigkeit Setzte. Als Hilfsmittel wurde ChatGPT zur Verfügung gestellt worden.;2071.51;215.74;;;;;;;;;;78.09;;625.98;;;;99.5;;;;;;894.66;;157.54;;;;;;
5;28.02.2024 15:32;6;de;1443700134;28.02.2024 14:46;28.02.2024 15:32;ECH2807;Männlich;21;Abitur oder Fachabitur;30;Trifft teilweise zu;Trifft teilweise zu;Trifft teilweise zu;Trifft teilweise zu;Trifft teilweise zu;Trifft teilweise zu;Trifft voll zu;Trifft voll zu;Trifft teilweise zu;Trifft voll zu;Trifft teilweise zu;Trifft teilweise zu;Trifft voll zu;Trifft voll zu;Trifft teilweise zu;Trifft eher nicht zu;Trifft teilweise zu;Trifft eher nicht zu;Trifft teilweise zu;Trifft teilweise zu;Teils, teils;Trifft eher nicht zu;Trifft voll zu;Trifft voll zu;Trifft voll zu;Trifft eher nicht zu;Trifft gar nicht zu;Trifft voll zu;Trifft gar nicht zu;Trifft voll zu;Trifft gar nicht zu;Trifft voll zu;Trifft teilweise zu;Trifft teilweise zu;Teils, teils;Trifft teilweise zu;Teils, teils;Teils, teils;Trifft gar nicht zu;Trifft teilweise zu;Teils, teils;Trifft eher nicht zu;Trifft voll zu;Trifft voll zu;Teils, teils;Trifft voll zu;Trifft eher nicht zu;Ja;;Ja;Trifft teilweise zu;Teils, teils;Trifft gar nicht zu;Trifft teilweise zu;Trifft voll zu;Trifft teilweise zu;Teils, teils;Teils, teils;Trifft eher nicht zu;Teils, teils;100;Trifft voll zu;Trifft teilweise zu;Eher zufriedenstellend;Teils, teils;;Trifft teilweise zu;Trifft eher nicht zu;Trifft teilweise zu;Trifft voll zu;Trifft teilweise zu;Trifft voll zu;Teils, teils;Trifft eher nicht zu;Trifft voll zu;Trifft teilweise zu;70;Teils, teils;Trifft voll zu;Eher zufriedenstellend;Teils, teils;"Ich musste für ein Unternehmen, über das ich keine weiteren Informationen besass, einen Marketing-Plan erstellen. Dieser Plan sollte kommunizieren, wie wichtig Nachhaltigkeit für das Unternehmen ist - ggü. internen und externen Stakeholdern. Dabei half mir ChatGPT, das v.a. lange ""Schreibaufgaben"" übernahm.";2776.79;103.03;;;;;;;;;;36.65;;1299.85;;;;53.53;;;;;;1174.46;;109.27;;;;;;
6;29.02.2024 09:15;6;de;2009257017;29.02.2024 08:47;29.02.2024 09:15;AST1210;Männlich;25;Abgeschlossene Berufsausbildung;60%;Trifft voll zu;Trifft teilweise zu;Trifft teilweise zu;Trifft teilweise zu;Trifft teilweise zu;Trifft teilweise zu;Trifft teilweise zu;Trifft teilweise zu;Trifft eher nicht zu;Teils, teils;Trifft voll zu;Trifft voll zu;Trifft teilweise zu;Trifft voll zu;Teils, teils;Trifft eher nicht zu;Trifft teilweise zu;Trifft gar nicht zu;Trifft teilweise zu;Trifft teilweise zu;Trifft eher nicht zu;Trifft teilweise zu;Trifft teilweise zu;Trifft voll zu;Trifft voll zu;Teils, teils;Trifft gar nicht zu;Trifft voll zu;Trifft gar nicht zu;Trifft voll zu;Trifft eher nicht zu;Trifft teilweise zu;Trifft voll zu;Trifft voll zu;Teils, teils;Teils, teils;Trifft teilweise zu;Trifft voll zu;Trifft eher nicht zu;Trifft eher nicht zu;Trifft teilweise zu;Trifft teilweise zu;Trifft voll zu;Trifft voll zu;Trifft voll zu;Trifft teilweise zu;Trifft eher nicht zu;Ja;;Ja;Trifft teilweise zu;Trifft teilweise zu;Trifft voll zu;Trifft voll zu;Trifft teilweise zu;Trifft teilweise zu;Teils, teils;Trifft teilweise zu;Trifft teilweise zu;Trifft voll zu;100;Trifft voll zu;Trifft teilweise zu;Eher zufriedenstellend;Eher schwierig;;Teils, teils;Trifft voll zu;Trifft teilweise zu;Trifft gar nicht zu;Teils, teils;Trifft voll zu;Trifft voll zu;Trifft voll zu;Trifft voll zu;Trifft teilweise zu;15;Trifft teilweise zu;Trifft voll zu;Teils, teils;Eher leicht;In der zweiten Aufgabe ging es um eine einwöchige Kommunikationsstrategie, welche zum Ziel hatte, den für das Unternehmen neu eingeführten Kernwert der Nachhaltigkeit, den wichtigsten Anspruchsgruppen mitzuteilen. Als Hilfsmittel stand dabei ChatGPT zur Verfügung.;1686.12;208.25;;;;;;;;;;70.73;;744.76;;;;98.07;;;;;;386.73;;177.58;;;;;;
7;29.02.2024 10:17;6;de;1769357595;29.02.2024 09:43;29.02.2024 10:17;IHE1103;Männlich;24;Bachelor;20%;Trifft eher nicht zu;Trifft voll zu;Trifft teilweise zu;Trifft teilweise zu;Trifft voll zu;Trifft teilweise zu;Teils, teils;Trifft gar nicht zu;Trifft teilweise zu;Trifft teilweise zu;Trifft voll zu;Trifft teilweise zu;Trifft eher nicht zu;Trifft eher nicht zu;Trifft teilweise zu;Teils, teils;Trifft gar nicht zu;Trifft voll zu;Trifft voll zu;Trifft voll zu;Trifft eher nicht zu;Trifft gar nicht zu;Teils, teils;Trifft voll zu;Trifft voll zu;Trifft voll zu;Trifft eher nicht zu;Trifft teilweise zu;Trifft gar nicht zu;Trifft teilweise zu;Trifft teilweise zu;Trifft teilweise zu;Trifft teilweise zu;Trifft teilweise zu;Trifft teilweise zu;Trifft teilweise zu;Teils, teils;Trifft teilweise zu;Trifft teilweise zu;Trifft eher nicht zu;Trifft eher nicht zu;Trifft teilweise zu;Trifft voll zu;Trifft voll zu;Teils, teils;Teils, teils;Trifft teilweise zu;Ja;;Ja;Trifft eher nicht zu;Trifft teilweise zu;Trifft teilweise zu;Trifft teilweise zu;Trifft teilweise zu;Trifft eher nicht zu;Teils, teils;Trifft eher nicht zu;Trifft eher nicht zu;Trifft teilweise zu;75;Trifft teilweise zu;Teils, teils;Eher zufriedenstellend;Eher schwierig;;Trifft voll zu;Teils, teils;Trifft voll zu;Trifft voll zu;Trifft teilweise zu;Trifft voll zu;Trifft voll zu;Trifft voll zu;Trifft voll zu;Trifft teilweise zu;20;Trifft teilweise zu;Trifft voll zu;Voll zufriedenstellend;Eher leicht;Ich sollte eine eintägige Veranstaltung aufsetzen, bei der Führungskräfte in das Thema digitale Transformation eingeführt werden. Dabei ging es darum informativ aber auch unterhaltsam zu sein. Zur Hilfestellung durfte ich ChatGPT benutzen.;2066.31;216.7;;;;;;;;;;87.98;;803.78;;;;108.2;;;;;;679.52;;170.13;;;;;;
8;29.02.2024 11:08;6;de;1854004409;29.02.2024 10:39;29.02.2024 11:08;OME0709;Männlich;22;Abitur oder Fachabitur;50%;Trifft voll zu;Trifft teilweise zu;Trifft teilweise zu;Trifft voll zu;Trifft teilweise zu;Trifft teilweise zu;Trifft eher nicht zu;Trifft teilweise zu;Trifft voll zu;Trifft teilweise zu;Trifft gar nicht zu;Trifft teilweise zu;Trifft teilweise zu;Teils, teils;Trifft eher nicht zu;Trifft teilweise zu;Trifft teilweise zu;Trifft gar nicht zu;Trifft eher nicht zu;Trifft teilweise zu;Teils, teils;Trifft teilweise zu;Teils, teils;Trifft teilweise zu;Trifft voll zu;Trifft teilweise zu;Trifft teilweise zu;Teils, teils;Trifft teilweise zu;Teils, teils;Teils, teils;Trifft teilweise zu;Trifft eher nicht zu;Trifft eher nicht zu;Teils, teils;Trifft eher nicht zu;Trifft eher nicht zu;Trifft voll zu;Trifft teilweise zu;Trifft eher nicht zu;Trifft teilweise zu;Teils, teils;Trifft voll zu;Trifft voll zu;Teils, teils;Trifft eher nicht zu;Trifft teilweise zu;Ja;;Ja;Trifft teilweise zu;Trifft voll zu;Trifft voll zu;Trifft teilweise zu;Trifft voll zu;Trifft eher nicht zu;Trifft eher nicht zu;Trifft eher nicht zu;Trifft teilweise zu;Teils, teils;70;Trifft voll zu;Trifft voll zu;Eher zufriedenstellend;Teils, teils;;Teils, teils;Teils, teils;Trifft voll zu;Teils, teils;Trifft voll zu;Trifft voll zu;Trifft eher nicht zu;Trifft voll zu;Trifft teilweise zu;Trifft teilweise zu;50;Trifft voll zu;Trifft voll zu;Eher zufriedenstellend;Eher schwierig;In der zweiten Aufgabe musste man für den eigenen Chef eine einwochige Strategie entwickeln, in der Mitarbeitende der Firma neue Technologien kennenlernen sollten. In der zweiten Aufgabe, in gegensatz zu der erste war es möglich sich mit Chat-GPT zu helfen um die Aufgabe zu lösen.;1755.12;194.45;;;;;;;;;;99.88;;39.11;;;;642.99;;;;;;508.55;;270.14;;;;;;
9;29.02.2024 12:30;6;de;1410697123;29.02.2024 11:46;29.02.2024 12:30;NBA0408;Männlich;20;Abitur oder Fachabitur;50;Trifft voll zu;Trifft voll zu;Trifft voll zu;Trifft voll zu;Trifft voll zu;Trifft voll zu;Trifft teilweise zu;Trifft teilweise zu;Teils, teils;Trifft teilweise zu;Trifft voll zu;Trifft voll zu;Trifft teilweise zu;Trifft teilweise zu;Trifft teilweise zu;Teils, teils;Trifft eher nicht zu;Trifft teilweise zu;Trifft teilweise zu;Trifft voll zu;Trifft eher nicht zu;Trifft eher nicht zu;Trifft eher nicht zu;Trifft voll zu;Trifft voll zu;Trifft teilweise zu;Trifft eher nicht zu;Trifft teilweise zu;Trifft eher nicht zu;Trifft voll zu;Trifft eher nicht zu;Trifft teilweise zu;Trifft eher nicht zu;Trifft eher nicht zu;Trifft teilweise zu;Trifft teilweise zu;Teils, teils;Trifft teilweise zu;Trifft gar nicht zu;Trifft teilweise zu;Trifft eher nicht zu;Trifft eher nicht zu;Trifft voll zu;Trifft teilweise zu;Trifft voll zu;Teils, teils;Teils, teils;Ja;;Ja;Trifft eher nicht zu;Trifft eher nicht zu;Trifft eher nicht zu;Teils, teils;Trifft voll zu;Trifft eher nicht zu;Trifft eher nicht zu;Teils, teils;Teils, teils;Trifft teilweise zu;100;Teils, teils;Trifft teilweise zu;Teils, teils;Eher leicht;;Teils, teils;Trifft eher nicht zu;Teils, teils;Trifft teilweise zu;Trifft voll zu;Trifft voll zu;Trifft teilweise zu;Trifft eher nicht zu;Trifft teilweise zu;Trifft teilweise zu;40;Trifft voll zu;Trifft voll zu;Voll zufriedenstellend;Eher leicht;Ich habe mittels einer OPENAI einen Text generiert. Die KI hat in meinem Auftrag und nach meinen vorstellungen eine neue Kommunikationsstrategie geschrieben. Im Nachhinein konnte ich textstellen, die ich nicht mochte, nochmals selber anpassen. ;2661.04;206.83;;;;;;;;;;100.54;;1212.89;;;;109.75;;;;;;826.98;;204.05;;;;;;
10;01.03.2024 09:15;6;de;2012266537;01.03.2024 08:45;01.03.2024 09:15;AOD2103;Männlich;25;Bachelor;60;Trifft teilweise zu;Teils, teils;Teils, teils;Trifft teilweise zu;Trifft teilweise zu;Teils, teils;Teils, teils;Trifft teilweise zu;Teils, teils;Trifft teilweise zu;Trifft voll zu;Trifft voll zu;Trifft teilweise zu;Teils, teils;Trifft teilweise zu;Teils, teils;Trifft teilweise zu;Trifft teilweise zu;Trifft teilweise zu;Trifft voll zu;Trifft teilweise zu;Trifft teilweise zu;Teils, teils;Trifft teilweise zu;Trifft teilweise zu;Trifft eher nicht zu;Trifft eher nicht zu;Trifft teilweise zu;Trifft voll zu;Teils, teils;Trifft teilweise zu;Trifft teilweise zu;Teils, teils;Teils, teils;Trifft teilweise zu;Teils, teils;Trifft voll zu;Trifft teilweise zu;Teils, teils;Trifft teilweise zu;Trifft teilweise zu;Teils, teils;Teils, teils;Trifft teilweise zu;Trifft teilweise zu;Teils, teils;Teils, teils;Ja;;Ja;Trifft teilweise zu;Teils, teils;Trifft eher nicht zu;Trifft eher nicht zu;Teils, teils;Teils, teils;Trifft voll zu;Trifft teilweise zu;Trifft teilweise zu;Trifft teilweise zu;100;Trifft eher nicht zu;Trifft teilweise zu;Teils, teils;Eher leicht;;Trifft teilweise zu;Teils, teils;Trifft teilweise zu;Teils, teils;Trifft voll zu;Trifft voll zu;Trifft teilweise zu;Teils, teils;Trifft teilweise zu;Trifft teilweise zu;30;Trifft eher nicht zu;Trifft teilweise zu;Teils, teils;Teils, teils;Ich musste eine Verantstaltung über digitale Transformation für Fuehrungskraefte im Unternehmen organisieren. Dabei hatte ich ChatGPT als Hilfsmittel für die Vorbereitung.;1846.47;158.88;;;;;;;;;;72.48;;848.6;;;;95.88;;;;;;513.07;;157.56;;;;;;
11;01.03.2024 10:18;6;de;431568329;01.03.2024 09:42;01.03.2024 10:18;IME0910;Weiblich;27;Bachelor;100;Trifft teilweise zu;Trifft voll zu;Trifft eher nicht zu;Trifft voll zu;Trifft voll zu;Trifft teilweise zu;Teils, teils;Trifft teilweise zu;Trifft teilweise zu;Trifft voll zu;Trifft voll zu;Trifft teilweise zu;Trifft teilweise zu;Teils, teils;Trifft voll zu;Teils, teils;Trifft teilweise zu;Trifft gar nicht zu;Trifft eher nicht zu;Teils, teils;Teils, teils;Trifft teilweise zu;Trifft eher nicht zu;Trifft teilweise zu;Trifft teilweise zu;Trifft teilweise zu;Trifft eher nicht zu;Teils, teils;Trifft eher nicht zu;Trifft teilweise zu;Trifft eher nicht zu;Trifft teilweise zu;Teils, teils;Teils, teils;Trifft teilweise zu;Trifft teilweise zu;Teils, teils;Teils, teils;Trifft eher nicht zu;Trifft gar nicht zu;Teils, teils;Teils, teils;Trifft teilweise zu;Trifft eher nicht zu;Teils, teils;Trifft eher nicht zu;Trifft teilweise zu;Ja;;Ja;Trifft teilweise zu;Trifft teilweise zu;Trifft eher nicht zu;Trifft teilweise zu;Trifft voll zu;Teils, teils;Trifft teilweise zu;Trifft teilweise zu;Trifft teilweise zu;Trifft teilweise zu;80;Teils, teils;Trifft eher nicht zu;Eher zufriedenstellend;Eher schwierig;;Trifft voll zu;Trifft teilweise zu;Trifft teilweise zu;Trifft voll zu;Teils, teils;Trifft voll zu;Trifft voll zu;Trifft voll zu;Trifft voll zu;Trifft teilweise zu;95;Teils, teils;Trifft voll zu;Eher zufriedenstellend;Eher leicht;Ich musste nur denken wie könnte ich die Aufgabe zum ChatGPT geben und zu klar zu sein , dann es konnte besser machen. Ich habe geschrieben was ich brauchte und er hat die richtige Antwort gegeben. ;2167.36;265.71;;;;;;;;;;132.78;;761.15;;;;169.08;;;;;;10.18;;828.46;;;;;;
12;01.03.2024 15:09;6;de;1418808412;01.03.2024 14:24;01.03.2024 15:09;VBA1706;Männlich;21;Bachelor;10/20%;Trifft teilweise zu;Trifft teilweise zu;Teils, teils;Trifft voll zu;Trifft teilweise zu;Trifft voll zu;Trifft teilweise zu;Trifft teilweise zu;Trifft teilweise zu;Trifft teilweise zu;Trifft teilweise zu;Trifft teilweise zu;Teils, teils;Trifft teilweise zu;Teils, teils;Teils, teils;Trifft voll zu;Trifft gar nicht zu;Trifft teilweise zu;Trifft voll zu;Teils, teils;Trifft teilweise zu;Teils, teils;Trifft voll zu;Trifft voll zu;Trifft teilweise zu;Trifft eher nicht zu;Teils, teils;Trifft eher nicht zu;Teils, teils;Teils, teils;Trifft teilweise zu;Trifft eher nicht zu;Trifft teilweise zu;Teils, teils;Teils, teils;Teils, teils;Trifft voll zu;Trifft eher nicht zu;Trifft teilweise zu;Trifft teilweise zu;Trifft eher nicht zu;Trifft teilweise zu;Trifft teilweise zu;Trifft voll zu;Teils, teils;Trifft gar nicht zu;Ja;;Ja;Trifft teilweise zu;Trifft teilweise zu;Trifft teilweise zu;Teils, teils;Trifft voll zu;Trifft teilweise zu;Trifft teilweise zu;Teils, teils;Trifft teilweise zu;Teils, teils;60;Trifft teilweise zu;Teils, teils;Teils, teils;Eher schwierig;;Trifft teilweise zu;Trifft voll zu;Trifft eher nicht zu;Teils, teils;Trifft voll zu;Teils, teils;Trifft voll zu;Trifft voll zu;Trifft voll zu;Trifft teilweise zu;75;Trifft teilweise zu;Teils, teils;Eher zufriedenstellend;Teils, teils;Ich musste Chat GPT Orden geben. Es gab 7 besonderes punkte die ich lesen, verstehen und benutzen musste. Mit diese 7 besondere Punkte ich musste chatpgt oOrden geben um die Task zu machen;2550.24;356.6;;;;;;;;;;163.49;;92.24;;;;1744.71;;;;;;2.41;;190.79;;;;;;
13;01.03.2024 16:18;6;de;1843148125;01.03.2024 15:28;01.03.2024 16:18;AFU0708;Weiblich;20;Bachelor;10%;Trifft voll zu;Trifft teilweise zu;Trifft voll zu;Trifft voll zu;Trifft voll zu;Trifft voll zu;Trifft teilweise zu;Trifft eher nicht zu;Trifft voll zu;Trifft voll zu;Trifft teilweise zu;Trifft voll zu;Trifft teilweise zu;Trifft teilweise zu;Trifft eher nicht zu;Trifft teilweise zu;Trifft voll zu;Trifft gar nicht zu;Teils, teils;Trifft voll zu;Trifft teilweise zu;Trifft eher nicht zu;Teils, teils;Trifft voll zu;Trifft voll zu;Trifft teilweise zu;Trifft gar nicht zu;Trifft voll zu;Trifft gar nicht zu;Trifft voll zu;Trifft gar nicht zu;Trifft voll zu;Trifft gar nicht zu;Trifft eher nicht zu;Trifft gar nicht zu;Trifft voll zu;Teils, teils;Trifft eher nicht zu;Trifft teilweise zu;Trifft teilweise zu;Teils, teils;Trifft teilweise zu;Trifft voll zu;Trifft eher nicht zu;Trifft teilweise zu;Trifft voll zu;Teils, teils;Ja;;Ja;Trifft voll zu;Trifft voll zu;Trifft voll zu;Trifft teilweise zu;Trifft voll zu;Trifft voll zu;Trifft eher nicht zu;Trifft voll zu;Trifft voll zu;Trifft teilweise zu;100;Trifft voll zu;Trifft teilweise zu;Teils, teils;Eher leicht;;Trifft voll zu;Trifft teilweise zu;Trifft voll zu;Teils, teils;Trifft voll zu;Trifft gar nicht zu;Trifft gar nicht zu;Trifft teilweise zu;Trifft gar nicht zu;Trifft teilweise zu;15;Trifft eher nicht zu;Trifft eher nicht zu;Eher nicht zufriedenstellend;Teils, teils;Mithilfe einer künstlichen Intelligenz konnte ich von Ihnen gestellte Fragestellung bearbeiten.  Dabei konnte ich Fragen stellen und anweisungen geben.;2961.86;164.4;;;;;;;;;;66.57;;1702.56;;;;80.68;;;;;;814.26;;133.39;;;;;;
14;06.03.2024 09:03;6;de;248929161;06.03.2024 08:45;06.03.2024 09:03;USG0407;Männlich;31;Bachelor;100;Trifft voll zu;Trifft voll zu;Trifft teilweise zu;Trifft voll zu;Trifft teilweise zu;Trifft teilweise zu;Teils, teils;Teils, teils;Trifft eher nicht zu;Teils, teils;Trifft voll zu;Teils, teils;Trifft eher nicht zu;Teils, teils;Trifft eher nicht zu;Trifft eher nicht zu;Trifft gar nicht zu;Teils, teils;Teils, teils;Trifft eher nicht zu;Teils, teils;Trifft eher nicht zu;Trifft eher nicht zu;Trifft voll zu;Trifft voll zu;Trifft teilweise zu;Teils, teils;Teils, teils;Teils, teils;Teils, teils;Trifft eher nicht zu;Teils, teils;Trifft eher nicht zu;Trifft eher nicht zu;Trifft voll zu;Teils, teils;Teils, teils;Trifft teilweise zu;Trifft eher nicht zu;Teils, teils;Trifft gar nicht zu;Trifft eher nicht zu;Trifft voll zu;Teils, teils;Teils, teils;Teils, teils;Trifft teilweise zu;Ja;;Ja;Teils, teils;Teils, teils;Trifft eher nicht zu;Trifft teilweise zu;Trifft voll zu;Teils, teils;Trifft teilweise zu;Teils, teils;Teils, teils;Trifft teilweise zu;5;Teils, teils;Trifft teilweise zu;Teils, teils;Teils, teils;;Teils, teils;Teils, teils;Trifft teilweise zu;Teils, teils;Trifft teilweise zu;Trifft teilweise zu;Trifft teilweise zu;Trifft teilweise zu;Trifft voll zu;Trifft teilweise zu;100;Trifft teilweise zu;Trifft teilweise zu;Eher zufriedenstellend;Teils, teils;In der zweiten Aufgabe ging es um die Erstellung einer einwöchigen Strategie(Ausarbeitung) um neu Nachhaltigkeit als Kernwert des Unternehmens aufzubauen (wie dies geschehen soll etc.). Hilfsmittel standen keine zur Verfügung.;1067.56;136.42;;;;;;;;;;58.11;;257.44;;;;77.63;;;;;;358.14;;179.82;;;;;;
