VPNCode;group_nr;All_Prompts;Prompt_Count;Average_Word_Count;First_Prompt_Word_Count;Total_Word_Count
AHO1006;2;Lösen Sie die Aufgabe aus einer Ich Perspektive, achten sie dabei auf eine strukturierte und professionelle Ansprache.\nEs ist Freitagnachmittag, die Vorgesetzte Ihres Chefs kommt auf Sie zu und fragt Sie, ob sie spontan für ein Vorstandsmeeting aushelfen können.\nEntwickeln Sie ein Konzept für eine denkwürdige eintägige Veranstaltung für Führungskräfte, um die digitale Transformation zu diskutieren.\n\nDie Aufgabe soll in Form eines schriftlichen One-Pagers gelöst werden.                                                                                                                                                                                                                                                   \nErstellen Sie eine Veranstaltung, die sowohl informativ als auch unterhaltsam ist, bei der Führungskräfte etwas über die digitale Transformation erfahren und sich miteinander austauschen können.\nDie Teilnehmenden sollen inspiriert und darüber informiert werden, wie die neue Technologie der generativen KI ihr Geschäftsmodell beeinflusst.;1;105;105;105
AWA2505;2;Ich muss ein Konzept für eine eintägige Veranstaltung für Führungskrafte zur Diskussion von digitaler Transformation erstellen. Du sollst mir hierbei helfen das Konzept zu erstellen. || versuche beim konzept auch auf das thema wie ki geschäftsmodelle beeinflusst einzugehen.;2;18.5;25;37
EZA0703;5;Du arbeitest in einem Büro. Weisst wie man gute Meetings plant und bis ein ausgezeichneter organisieren. Ausserdem bist du technologisch auf dem neusten Stand. \nHilf mir dabei ein Konzept für eine denkwürdige eintägige Veranstaltung für Führungskräfte, um die digitale Transformation zu diskutieren.\n\nErstelle dazu ein One-Pager über die informative und unterhaltsame Veranstaltung für die Führungskräfte. Sie sollen über digitale Transformationen erfahren und sich miteinander austauschen können. || Bitte schmück es noch ein wenig aus. Mach es spannender und interessanter. Die Leute sollen meinen, sie verpassen etwas, falls sie nicht kommen.;2;44;65;88
AGU2207;7;Bitte hilf mir bei der Erstellung einer Kommunikationsstrategie um Nachhaltigkeit als Kernwert im Unternehmen zu verankern. Gebe mir die relevanten strategischen Schritte sowie den Wortlaut mit dem Nachhaltigkeit an Mitarbeiter aber auch an die öffentlich kommuniziert werden kann. || bitte erweitere die interne Kommunikation mit dem Appell an konkrete Massnahmen in den Abteilungen. ;2;26;38;52
NPR1810;7;Bitte nenne Ideen für mehr Nachhaltigkeit in Unternehmen;1;8;8;8
RBO0106;8;Entwickeln Sie eine umfassende, einwöchige Kommunikationsstrategie zur Einführung von Nachhaltigkeit als Kernwert im gesamten Unternehmen.\n\nDie Aufgabe soll in Form eines schriftlichen One-Pagers gelöst werden.;1;24;24;24
DPR0408;5;" Kannst du mir den Ablauf für eine eintägige Veranstaltung für Führungskräfte geben? Die Veranstaltung sollte interaktiv und informativ sein und das Thema ist ""digitale Transformation"". || Kannst du die Keynote-Präsentation kürzer machen und den Anfang auf 8:30 nehmen? || Kannst du das Ende der Veranstaltung auf 17:30 nehmen? || Kannst du den Anfang der Veranstaltung auf 8:30 und das Ende auf 17:30 nehmen?";4;15;25;60
EDE0211;7;GPT, ich stehe vor dieser Arbeit und lass uns Schritt für Schritt rasch durchgehen: Es ist Freitagnachmittag, die Vorgesetzte Ihres Chefs kommt auf Sie zu und fragt Sie, ob sie spontan für ein Vorstandsmeeting aushelfen können.\n\nEntwickeln Sie eine umfassende, einwöchige Kommunikationsstrategie zur Einführung von Nachhaltigkeit als Kernwert im gesamten Unternehmen.\n\nDie Aufgabe soll in Form eines schriftlichen One-Pagers gelöst werden.\n\nSie haben 12 Minuten Zeit.\n\nZielsetzung\nDas Engagement des Unternehmens für Nachhaltigkeit gegenüber allen Mitarbeitenden, Stakeholdern und der Öffentlichkeit soll klar zum Ausdruck bringen.\nDie Strategie soll zu einem tieferen Verständnisses von Nachhaltigkeit und ihrer Bedeutung bei den Mitarbeitern beitragen.\nDie Umsetzung der Nachhaltigkeitsprinzipien soll in konkrete Maßnahmen und Initiativen in allen Abteilungen und Betrieben umgesetzt werden können.\nDie folgenden Fragen können helfen:\nWelche Ziele werden mit der Strategie verfolgt?\nWer ist das Zielpublikum?\nWelche Themen wären für die Mitarbeitenden am relevantesten und interessantesten?\nWelche Art von Erfahrung sollen die Mitarbeitenden machen? || Lass uns den ersten 1. Punkt nchmals anschauen und zwar, 1.  möchte ich dazu, wieso wir dies machen, so dass der leser überzeugt ist und versteht, was die hintergründe sind. Bitte mache die Sätze kürzer, prägnant, willkommend zu lesen und behalte eine professionelle und posiviter Streibstil.  || ich finde, bei 2. kannst du bitte die fertigungsstrecke auslassen, denn du weisst ja nicht, ob es industrie oder eine servcie unternehmen ist. bitte hier einfach abstrakter sein. bei 3. möchte ich dass es nicht so exemplarisch ist, denn der vorstand wird es vorallem zuerst lesen. 4. learning bei doing, doch im sinne von kanban, konstant improvmenet. trainigs müssen rein, feedbackkultur, so dass wir uns auch stets anpassen und die inputs aller stakeholders miteinbezihen. dazu müssen wir stets immer reveiws haben, welcher dann in punkt fünf sein darf. dies könnte ja mit einem externen partner ein auditing sein. || bei 1. bitte noch ergänzen, nicht nur wettbewerbsvorteile, sondenr auch ein tiefgründiges eigen interesse and die umwelt und nachhaltigkeit.  || gib mir noch in einem satz, worum überhaupt diese paper geht zuerst || punkt eins habe ich übernommen von vorhin, in 2. möchte ich noch eine granularere stakeholdership.  || 5. soll bitte professioneler gewschrieben werden. dazu., öchte ich, dass die kommunikation der bewertung transaprent und mit technologischen mitteln visuell an alle kommuniziert wird || bei den themen, kannst du noch kreativer sein, und mehr beispiele geben? bitte nur auf 3. fokussieren || können wir noch einen punkt 6. machen, wo wir rewards, und auch incentives integrieren und idese in form von bonus für alle sind. d.h. bei lieferanten, reduktion von preisen?  || kürzer, es muss im still von vorhin pssen. ;10;40.9;141;409
OBA0612;4;Ich soll eine einwöchige Kommunikationsstrategie zur Einführung von Nachhaltigkeit als Kernwert im gesamten Unternehmen entwickeln. Zielgruppe sind Vorstände.\n\nDie Aufgabe soll in Form eines schriftlichen One-Pagers gelöst werden und darf kreativ beantwortet werden. Die Zielsetzung ist: Das Engagement des Unternehmens für Nachhaltigkeit gegenüber allen Mitarbeitenden, Stakeholdern und der Öffentlichkeit soll klar zum Ausdruck bringen. Die Strategie soll zu einem tieferen Verständnisses von Nachhaltigkeit und ihrer Bedeutung bei den Mitarbeitern beitragen.\nDie Umsetzung der Nachhaltigkeitsprinzipien soll in konkrete Maßnahmen und Initiativen in allen Abteilungen und Betrieben umgesetzt werden können.\nDie folgenden Fragen sollen beantwortet werden:\nWelche Ziele werden mit der Strategie verfolgt?\nWer ist das Zielpublikum?\nWelche Themen wären für die Mitarbeitenden am relevantesten und interessantesten?\nWelche Art von Erfahrung sollen die Mitarbeitenden machen?;1;116;116;116
LCH0603;3;kreiere eine  einwöchige Kommunikationsstrategie zur Einführung von Nachhaltigkeit als Kernwert im gesamten Unternehmen || nochmals, aber hier ist die Zielsetzung der Strategie: Das Engagement des Unternehmens für Nachhaltigkeit gegenüber allen Mitarbeitenden, Stakeholdern und der Öffentlichkeit soll klar zum Ausdruck bringen.\nDie Strategie soll zu einem tieferen Verständnisses von Nachhaltigkeit und ihrer Bedeutung bei den Mitarbeitern beitragen.\nDie Umsetzung der Nachhaltigkeitsprinzipien soll in konkrete Maßnahmen und Initiativen in allen Abteilungen und Betrieben umgesetzt werden können.;2;35.5;13;71
IST0303;4;Guten Tag, du bist für die folgenden Fragen mein Innovations Assistent und unterstützt mich bei folgender Aufgabe: Entwickeln Sie eine umfassende, einwöchige Kommunikationsstrategie zur Einführung von Nachhaltigkeit als Kernwert im gesamten Unternehmen.\n\nDabei wurde mir noch folgende drei Zielsetzungen gegeben:\n1.Das Engagement des Unternehmens für Nachhaltigkeit gegenüber allen Mitarbeitenden, Stakeholdern und der Öffentlichkeit soll klar zum Ausdruck bringen.\n2.Die Strategie soll zu einem tieferen Verständnisses von Nachhaltigkeit und ihrer Bedeutung bei den Mitarbeitern beitragen.\n3.Die Umsetzung der Nachhaltigkeitsprinzipien soll in konkrete Maßnahmen und Initiativen in allen Abteilungen und Betrieben umgesetzt werden können.\n\nUnd folgende Fragen wurden mir als Unterstützung noch an die Hand gegeben:\nWelche Ziele werden mit der Strategie verfolgt?\nWer ist das Zielpublikum?\nWelche Themen wären für die Mitarbeitenden am relevantesten und interessantesten?\nWelche Art von Erfahrung sollen die Mitarbeitenden machen?\n\n || Kürze die Unternehmung bitte auf 5 Arbeitstage. Führe auch spezfische Events für die jeweiligen Abteilungen ein, die Sich auch^^f Ihr sachgebiet spezifizieren  || Das ist schon sehr gut, bitte schreibe zu den jeweiligen Aktivitäten noch Beispiele zum besseren verstämndis, was dann unternommen werden kann. Geb für die Verschiedenen Abteilungen villeicht eine Tabelle an mit möglichen Expertengesprächen ;3;59.66666667;124;179
EBO1608;5;Hilf mir ein Vorstandsmeeting zu organisieren. Ich werde dir folgende Inputs geben:\n- Erstellen Sie eine Veranstaltung, die sowohl informativ als auch unterhaltsam ist, bei der Führungskräfte etwas über die digitale Transformation erfahren und sich miteinander austauschen können.\n- Die Teilnehmenden sollen inspiriert und darüber informiert werden, wie die neue Technologie der generativen KI ihr Geschäftsmodell beeinflusst. || Erstelle ein Beispielkonzept für eine eintägige Veranstaltung || Füge zusätzlich noch folgende Fragen ein:\n\nWer ist das Zielpublikum?\nWelche Themen wären für die Führungskräfte am relevantesten und interessantesten?\nWelche Art von Erfahrung sollen die Führungskräfte machen?\n\nErstelle ein einseitiges Dokument welches das obige Konzept sowie die 3 fragen für meinen Vorgesetzten beinhaltet. Das Dokument sollte meinem Vorgesetzten ein stimmiges Konzept bieten sowie die Fragen damit das Konzept spezifischer angepasst werden kann.;3;40.33333333;55;121
EUN2402;6;Liebes ChatGPT, ich habe die Aufgabe bekommen ein Konzept für eine denkwürdige eintägige Veranstaltung für Führungskräfte zu entwickeln, um die digitale Transformation (generative KI) zu diskutieren.\n\nStell dir vor du bist ein wissensreicher und innovativer Technologie Experte, der schon häufig digitale Transformationen durchgeführt hat und dabei immer auch den Fokus auf den menschen gelegt hat, da dies ein Change Prozess ist welcher meist an dem Menschen und seiner Angst oder Sturrheit oder nicht Kollaboration scheitert. \nVerfasse mir für das Konzept ein Word Bericht der eine Seite lang ist (nicht kürzer oder länger).\nStarte damit aufzuzeigen welche ethischen Probleme generative KI hat und generell welche negativen Assoziationen Menschen hiermit haben. Am besten wird am Anfang eine Umfrage mit den Führungskräften gemacht um ihre Meinung einzuholen\nNun sollen die Vorteile aufgezeigt werden. Folge nun mit einer inspirierenden Einführung rund um das Thema generative KI und nenne 3 Beispielsfirmen die sich die Technologie in ihrer Firma zu nutzen gemacht haben und welch Benefit dadurch entstanden ist. Wenn vorhanden zitiere aufschlussreiche wissenschaftliche Artikel die Belegen welche Vorteile generative KI haben (Use cases die sich angeschaut werden können)\nZum Schluss sollte es um ein kollaborativen Prozess des Design Thinking gehen, bei welchem die Führungskräfte in Teams zusammenkommen und Probleme in der Organisation diskutieren und mögliche Lösungen mit generative KI ausarbeiten. Hierfür sollten generative KI Experten hinzugeworben werden.\n\nAm Ende des Tages sollen die Führungskräfte mit positiver Energie den Tag verlassen und die digitale Transformation vorantreiben wollen. Verfasse den One Pager in einer klaren Struktur, neutraler, förmlicher Sprache, sodass es für Führungskräfte angemessen ist;1;253;253;253
ABE0509;6;Du agierst als Consultant für ein Unternehmen. Die Aufgabe wird es sein ein Konzept für eine eintägige Veranstaltung für Führungskräfte zu entwickeln. Hierfür wird es später noch ein paar weitere Informationen geben. Sammle jedoch erst einmal 5 Vorschläge für eine solche Veranstaltung. || Folgende weitere Informationen gibt es: Es soll eine denkwürdige eintägige Veranstaltung werden. Die Teilnehmer sind der Vorstand des Unternehmens. Sie sollen hier die digitale Transformation diskutieren. Insgesamt soll hierfür ein schriftlicher OnePager erstellt werden. Die Veranstaltung soll sowohl informativ als auch unterhaltsam sein. Die Vorstandsmitglieder sollen etwas über die digitale Transformation erfahren und sich miteinander austauschen. Sie sollen inspiriert und informiert werden, wie die neue Technologie der generativen KI ihr Geschäftsmodell beeinflusst. Erstelle eine erste Version eines solchen Konzeptes.  || Dieses Konzept gefällt mir sehr gut. Nun muss es aufgearbeitet werden, sodas sich es meinem Vorgesetztne schicken kann. Erstelle hier also einen one pager, mit Titel, Ort (Hotel) und den genauen Zeiten der 5 verschiedenen geplanten Events.  || Lass alles unverändert ausser die Diskussion und Feedback Runde von 13.00 bis 15.00. Ersetze diese durch einen Austausch mit Mitarbeitern aus allen divisionen des Unternehmens um herauszufinden wie diese zu digitaler Trnasformation stehen, diese verstehen, und bereit sind diese Umzusetzen.;4;49.5;42;198
SME3112;1;kannst du bitte mir erklaung was ist ds konzept einttatige veranstaltung fur Fuhrungskrafte und wie kann das funktionieren im im digitale Tansformation  || was will die Zielpublik fur diese konzept;2;14.5;22;29
OLI1612;2;"Du nimmst die Rolle als mein Berater zu dem Thema Nachhaltigkeit ein. Ziel ist es, dass wir eine Kommunikationsstratgie für eine Aktiengesellschaft zu dem Thema Nachhaltigkeit erstellen. Die Kommunikation sollte über eine Woche laufen. Erstelle bitte konkrete Massnahmen, die in der Kommunikationsstrategie enthalten sind.  || Du bist Experte zu dem Thema digitale Transformation. Unsere Aufgabe ist es, einen Plan für eine Veranstaltung zu erstellen, die zum Ziel hat eine Diskussionsplattform zu bieten für Führungskräfte zu dem Thema Digitalisierung. Die Kernfrage der Veranstaltung ist "" Wie beeinflusst die Technologie der generativen KI ein Geschäftsmodell?"".  Lege den Fokus dabei auf informative Aspekte aber baue auch 5% der Veranstaltung ein, in der Raum für Unterhaltung und Kreativität ist.  || Die Veranstaltung soll einen Tag dauern.";3;40;44;120
NBA1601;2;Du hast folgende Aufgabe: Du bist Consultant im Bereich digitale Transformation und entwickelst für die Führungskraft eines Unternehmens ein Konzept für eine eintägige Veranstaltung, um die digitale Transformation zu diskutieren.  Die Zielsetzung dieser Aufgabe ist folgende : Die Führungskräfte sollen in diesem Konzept  Chancen und Risiken über ihr Unternehmen  erfahren.  Die Führungskräfte sollen inspiriert und darüber informiert werden, wie die neue Technologie der generativen KI ihr Geschäftsmodell beeinflussen kann. Die Veranstaltung soll sowohl informativ als auch unterhaltsam sein, bei der Führungskräfte etwas über die digitale Transformation erfahren und sich miteinander austauschen können.\nFolgende Fragen können dir dabei helfen : Wer ist das Zielpublikum?\nWelche Themen wären für die Führungskräfte am relevantesten und interessantesten?\nWelche Art von Erfahrung sollen die Führungskräfte machen?;1;118;118;118
